<?xml version="1.0" encoding="UTF-8" ?>
<!DOCTYPE ldml SYSTEM "../../common/dtd/ldml.dtd">
<!-- Copyright © 1991-2016 Unicode, Inc.
For terms of use, see http://www.unicode.org/copyright.html
Unicode and the Unicode Logo are registered trademarks of Unicode, Inc. in the U.S. and other countries.
CLDR data files are interpreted according to the LDML specification (http://unicode.org/reports/tr35/)
-->
<ldml>
	<identity>
		<version number="$Revision: $"/>
		<language type="de"/>
		<territory type="CH"/>
	</identity>
	<annotations>
		<annotation cp="🥂">Sekt | anstossen | feiern | Getränk</annotation>
		<annotation cp="😅">Gesicht | lustig | schwitzen | Schweiss</annotation>
		<annotation cp="😅" type="tts">Lachender Smiley mit kaltem Schweiss</annotation>
		<annotation cp="😥">Schweiss | erleichtert | Gesicht</annotation>
		<annotation cp="🤐">Gesicht | Mund | Reissverschluss</annotation>
		<annotation cp="🤐" type="tts">Smiley mit Reissverschlussmund</annotation>
		<annotation cp="😓" type="tts">Smiley mit kaltem Schweiss</annotation>
		<annotation cp="😰">offener Mund | kalter Schweiss | Gesicht</annotation>
		<annotation cp="😰" type="tts">Smiley mit offenem Mund und kaltem Schweiss</annotation>
		<annotation cp="😳" type="tts">Erröteter Smiley mit grossen Augen</annotation>
		<annotation cp="👽">Ausserirdischer | UFO | Alien | Gesicht</annotation>
		<annotation cp="👽" type="tts">Ausserirdisches Wesen</annotation>
		<annotation cp="⛑" type="tts">Helm mit weissem Kreuz</annotation>
		<annotation cp="🚶" type="tts">Fussgänger(in)</annotation>
		<annotation cp="🚶‍♀">Frau | Spaziergang | Fussgängerin | gehen</annotation>
		<annotation cp="🚶‍♀" type="tts">Fussgängerin</annotation>
		<annotation cp="🚶‍♂">Mann | Spaziergang | Fussgänger | gehen</annotation>
		<annotation cp="🚶‍♂" type="tts">Fussgänger</annotation>
		<annotation cp="🖖" type="tts">Vulkanischer Gruss</annotation>
		<annotation cp="🤘" type="tts">Teufelsgruss</annotation>
		<annotation cp="👣">Fuss | Abdruck</annotation>
		<annotation cp="👣" type="tts">Fussabdrücke</annotation>
		<annotation cp="💥" type="tts">Zusammenstoss</annotation>
		<annotation cp="💦">Schweiss | Comic</annotation>
		<annotation cp="💦" type="tts">Schweisstropfen</annotation>
		<annotation cp="💐" type="tts">Blumenstrauss</annotation>
		<annotation cp="🍝">Pasta | Nudeln mit Tomatensosse | Restaurant</annotation>
		<annotation cp="🍠">Süsskartoffel | geröstet</annotation>
		<annotation cp="🍠" type="tts">Geröstete Süsskartoffel</annotation>
		<annotation cp="🍡">Mochi-Kugeln auf einem Spiess | japanisches Gericht | Restaurant</annotation>
		<annotation cp="🍧">Eis | zerstossen</annotation>
		<annotation cp="🍬">Süssigkeit</annotation>
		<annotation cp="🍭">Süssigkeit | Lolli</annotation>
		<annotation cp="🍮">Dessert | Nachtisch | Nachspeise | Sosse | Schokolade</annotation>
		<annotation cp="☕">Getränk | Kaffee | trinken | heiss | dampfend | Tee</annotation>
		<annotation cp="☕" type="tts">Heissgetränk</annotation>
		<annotation cp="🍻">Bier | anstossen</annotation>
		<annotation cp="🏺">Wassermann | kochen | trinken | Krug | Gefäss | Vase | Tierkreis | Sternzeichen</annotation>
		<annotation cp="♨">heiss | heisse Quellen | Quellen | dampfend | Dampf</annotation>
		<annotation cp="♨" type="tts">Heisse Quellen</annotation>
		<annotation cp="🌌" type="tts">Milchstrasse</annotation>
		<annotation cp="🚃">Strassenbahn | Tram | Wagen | Wagon | Zug | Fahrzeug</annotation>
		<annotation cp="🚃" type="tts">Strassenbahnwagen</annotation>
		<annotation cp="🚊" type="tts">Strassenbahn</annotation>
		<annotation cp="🚋">Waggon | Tram | Strassenbahn</annotation>
		<annotation cp="🛣">Autobahn | Schnellstrasse</annotation>
		<annotation cp="🌥">Wetter | Sonne | Wolke | grosse Wolke</annotation>
		<annotation cp="🌥" type="tts">Sonne hinter grosser Wolke</annotation>
		<annotation cp="🔥">Flamme | heiss</annotation>
		<annotation cp="💧">Schweiss | Wasser | Wassertropfen</annotation>
		<annotation cp="⚽" type="tts">Fussball</annotation>
		<annotation cp="🔍">Vergrösserungsglas | Suche</annotation>
		<annotation cp="🔎">Vergrösserungsglas | Suche</annotation>
		<annotation cp="📆" type="tts">Abreisskalender</annotation>
		<annotation cp="📌">Reisszwecke | anpinnen</annotation>
		<annotation cp="📌" type="tts">Reisszwecke</annotation>
		<annotation cp="📍">Reisszwecke | anpinnen | rund</annotation>
		<annotation cp="📍" type="tts">runde Reisszwecke</annotation>
		<annotation cp="🏳">wehen | Fahne | weisse Fahne</annotation>
		<annotation cp="🏳" type="tts">Wehende weisse Fahne</annotation>
		<annotation cp="🛅">Gepäck | Schliessfach</annotation>
		<annotation cp="🚸" type="tts">Kinder-queren-die-Strasse-Schild</annotation>
		<annotation cp="🚷" type="tts">Fussgänger-verboten-Schild</annotation>
		<annotation cp="⭕" type="tts">Grosser Kreis</annotation>
		<annotation cp="✅" type="tts">Weisses Häkchen</annotation>
		<annotation cp="❔">Satzzeichen | weiss</annotation>
		<annotation cp="❕">Satzzeichen | weiss</annotation>
		<annotation cp="🔠">lateinische Grossbuchstaben | Grossbuchstaben</annotation>
		<annotation cp="🔠" type="tts">Eingabesymbol lateinische Grossbuchstaben</annotation>
		<annotation cp="🅰" type="tts">Grossbuchstabe A in Quadrat</annotation>
		<annotation cp="🆎" type="tts">Grossbuchstaben AB in rotem Quadrat</annotation>
		<annotation cp="🅱" type="tts">Grossbuchstabe B in Quadrat</annotation>
		<annotation cp="🆑" type="tts">Grossbuchstaben CL in rotem Quadrat</annotation>
		<annotation cp="🆔" type="tts">Grossbuchstaben ID in lila Quadrat</annotation>
		<annotation cp="🆖" type="tts">Grossbuchstaben NG in blauem Quadrat</annotation>
		<annotation cp="🅾" type="tts">Grossbuchstabe O in Quadrat</annotation>
		<annotation cp="🆗" type="tts">Grossbuchstaben OK in blauem Quadrat</annotation>
		<annotation cp="🅿" type="tts">Grossbuchstabe P in Quadrat</annotation>
		<annotation cp="🆚" type="tts">Grossbuchstaben VS in orangefarbenem Quadrat</annotation>
		<annotation cp="▫">weiss | Quadrat</annotation>
		<annotation cp="▫" type="tts">Kleines weisses Quadrat</annotation>
		<annotation cp="◻">weiss | Quadrat</annotation>
		<annotation cp="◻" type="tts">Mittelgrosses weisses Quadrat</annotation>
		<annotation cp="◼" type="tts">Mittelgrosses schwarzes Quadrat</annotation>
		<annotation cp="◽">weiss | Quadrat</annotation>
		<annotation cp="◽" type="tts">Mittelkleines weisses Quadrat</annotation>
		<annotation cp="⬛" type="tts">Grosses schwarzes Quadrat</annotation>
		<annotation cp="⬜">weiss | Quadrat</annotation>
		<annotation cp="⬜" type="tts">Grosses weisses Quadrat</annotation>
		<annotation cp="🔶" type="tts">Grosse orangefarbene Raute</annotation>
		<annotation cp="🔷" type="tts">Grosse blaue Raute</annotation>
		<annotation cp="🔳">weiss | Schaltfläche | quadratisch</annotation>
		<annotation cp="🔳" type="tts">Weisse quadratische Schaltfläche</annotation>
		<annotation cp="⚪">weiss | Kreis | Ball</annotation>
		<annotation cp="⚪" type="tts">Grosser weisser Kreis</annotation>
		<annotation cp="⚫" type="tts">Grosser schwarzer Kreis</annotation>
		<annotation cp="🔴" type="tts">Grosser roter Kreis</annotation>
		<annotation cp="🔵" type="tts">Grosser blauer Kreis</annotation>
	</annotations>
</ldml>
