<?xml version="1.0" encoding="UTF-8" ?>
<!DOCTYPE ldml SYSTEM "../../common/dtd/ldml.dtd">
<!-- Copyright © 1991-2016 Unicode, Inc.
For terms of use, see http://www.unicode.org/copyright.html
Unicode and the Unicode Logo are registered trademarks of Unicode, Inc. in the U.S. and other countries.
CLDR data files are interpreted according to the LDML specification (http://unicode.org/reports/tr35/)
-->
<ldml>
	<identity>
		<version number="$Revision: 12740 $"/>
		<language type="ar"/>
		<territory type="SO"/>
	</identity>
	<numbers>
		<symbols numberSystem="latn">
			<percentSign draft="contributed">٪</percentSign>
		</symbols>
		<currencies>
			<currency type="SOS">
				<symbol>S</symbol>
			</currency>
		</currencies>
	</numbers>
</ldml>
