<?xml version="1.0" encoding="UTF-8" ?>
<!DOCTYPE ldml SYSTEM "../../common/dtd/ldml.dtd">
<!--
Copyright © 1991-2015 Unicode, Inc.
CLDR data files are interpreted according to the LDML specification (http://unicode.org/reports/tr35/)
For terms of use, see http://www.unicode.org/copyright.html
-->
<ldml>
	<identity>
		<version number="$Revision: 12347 $"/>
		<language type="bo" /> 
	</identity>
	<collations>
		<collation type="standard" draft="unconfirmed">
			<cr><![CDATA[
				[import dz-u-co-standard]
			]]></cr>
		</collation>
	</collations>
</ldml>
